{"cameraMode":{"drawMode":0,"name":"Shaded","section":"Shading Mode"},"sceneLighting":true,"audioPlay":false,"sceneViewState":{"showFog":true,"showMaterialUpdate":false,"showSkybox":false,"showFlares":true,"showImageEffects":true,"showParticleSystems":true},"in2DMode":false,"pivot":{"x":-0.736775815486908,"y":-0.7693250179290772,"z":2.554234504699707},"rotation":{"x":-0.32158583402633669,"y":-0.033217497169971469,"z":0.011265911161899567,"w":-0.9462675452232361},"size":2.766441822052002,"orthographic":false}