{"cameraMode":{"drawMode":0,"name":"Shaded","section":"Shading Mode"},"sceneLighting":false,"audioPlay":false,"sceneViewState":{"showFog":true,"showMaterialUpdate":false,"showSkybox":false,"showFlares":true,"showImageEffects":true,"showParticleSystems":true},"in2DMode":false,"pivot":{"x":-0.2081390917301178,"y":-0.3982067108154297,"z":-5.439518451690674},"rotation":{"x":-0.38377541303634646,"y":0.009439496323466301,"z":-0.003923940937966108,"w":-0.9233834147453308},"size":2.306736946105957,"orthographic":false}