{"cameraMode":{"drawMode":0,"name":"Shaded","section":"Shading Mode"},"sceneLighting":true,"audioPlay":false,"sceneViewState":{"showFog":true,"showMaterialUpdate":false,"showSkybox":false,"showFlares":true,"showImageEffects":true,"showParticleSystems":true},"in2DMode":false,"pivot":{"x":-0.07262802124023438,"y":1.4749536514282227,"z":-0.2731170654296875},"rotation":{"x":-0.18586163222789765,"y":0.7902040481567383,"z":-0.28962594270706179,"w":-0.5071339011192322},"size":14.609848976135254,"orthographic":false}