{"cameraMode":{"drawMode":0,"name":"Shaded","section":"Shading Mode"},"sceneLighting":false,"audioPlay":false,"sceneViewState":{"showFog":true,"showMaterialUpdate":false,"showSkybox":false,"showFlares":true,"showImageEffects":true,"showParticleSystems":true},"in2DMode":false,"pivot":{"x":1.1394399404525757,"y":7.581065654754639,"z":2.2358932495117189},"rotation":{"x":0.35072410106658938,"y":-0.15489232540130616,"z":0.058963511139154437,"w":0.9217098355293274},"size":0.17318320274353028,"orthographic":false}